epoch,acc
0,0.83213279
1,0.911994989
2,0.917632321
3,0.928280614
4,0.943000313
5,0.946601942
6,0.949420608
7,0.950360163
8,0.956154087
9,0.959129345
10,0.960538678
11,0.963513937
12,0.96492327
13,0.967115565
14,0.965706232
15,0.971813342
16,0.969621046
17,0.969621046
18,0.974945193
19,0.973222675
20,0.975258378
21,0.974005637
22,0.97416223
23,0.977137488
24,0.978546821
25,0.980112747
26,0.979642969
27,0.977763858
28,0.980582524
29,0.978233636